"Division","MaxEVI"
"Barisal",0.470222680889695
"Chittagong",0.490584804110504
"Dhaka",0.393474663742645
"Khulna",0.405757859240861
"Mymensingh",0.458555519578968
"Rajshahi",0.430659930457355
"Rangpur",0.438938947498965
"Sylhet",0.394536201165348
